{
  "timestamp": "20250608_014228",
  "summary": {
    "total_auctions": 28,
    "avg_competition": 66.96428571428571,
    "avg_discount": 28.980001386029343
  },
  "time_slot_analysis": {
    "Late Night": {
      "avg_competition": 66.96428571428571,
      "avg_discount": 28.980001386029343,
      "avg_retail_value": 1112.0107142857144,
      "total_auctions": 28,
      "opportunity_score": 47.52571497872896
    }
  },
  "day_analysis": {
    "Monday": {
      "avg_competition": 69,
      "avg_discount": 38.89112076305447,
      "avg_retail_value": 970.48,
      "total_auctions": 5,
      "opportunity_score": 50.44556038152723
    },
    "Sunday": {
      "avg_competition": 66.11111111111111,
      "avg_discount": 33.20079256581435,
      "avg_retail_value": 922.0822222222222,
      "total_auctions": 9,
      "opportunity_score": 50.48928517179606
    },
    "Wednesday": {
      "avg_competition": 63.125,
      "avg_discount": 14.002827588506626,
      "avg_retail_value": 1062.64625,
      "total_auctions": 8,
      "opportunity_score": 43.87641379425331
    },
    "Tuesday": {
      "avg_competition": 77.5,
      "avg_discount": 46.58879561157499,
      "avg_retail_value": 1911.4975,
      "total_auctions": 4,
      "opportunity_score": 45.7943978057875
    }
  },
  "optimal_times": [
    {
      "type": "TIME_SLOT",
      "period": "Late Night",
      "opportunity_score": 47.52571497872896,
      "avg_competition": 66.96428571428571,
      "avg_discount": 28.980001386029343,
      "sample_size": 28
    },
    {
      "type": "DAY_OF_WEEK",
      "period": "Sunday",
      "opportunity_score": 50.48928517179606,
      "avg_competition": 66.11111111111111,
      "avg_discount": 33.20079256581435,
      "sample_size": 9
    },
    {
      "type": "DAY_OF_WEEK",
      "period": "Monday",
      "opportunity_score": 50.44556038152723,
      "avg_competition": 69,
      "avg_discount": 38.89112076305447,
      "sample_size": 5
    },
    {
      "type": "DAY_OF_WEEK",
      "period": "Tuesday",
      "opportunity_score": 45.7943978057875,
      "avg_competition": 77.5,
      "avg_discount": 46.58879561157499,
      "sample_size": 4
    }
  ]
}